external_id,level,category,intensity,title,text,required_items,item_mode,timer_seconds,risk_tags,avoid_if_tags,collection,review_status,is_enabled,requires_both_opt_in,requires_safeword_check,aftercare_required,safety_level,pose_family,pose_difficulty,space_required,body_load,notes
task_l1_001,1,task,light,,"Сделайте короткий ритуал внимания: один партнер выбирает темп вечера, второй повторяет его настроение жестами и словами.",,none,120,,,base_tasks,approved,1,0,0,0,normal,,,,,generated seed
task_l1_002,1,task,light,,"На две минуты уберите телефоны и говорите только о том, что сейчас приятно и спокойно.",,none,120,,,base_tasks,approved,1,0,0,0,normal,,,,,generated seed
task_l1_003,1,task,light,,"Выберите одно мягкое правило на следующий ход: медленнее, тише, ближе или больше пауз.",,none,120,,,base_tasks,approved,1,0,0,0,normal,,,,,generated seed
task_l1_004,1,task,light,,"Партнер задает три вопроса о желаниях на вечер, второй отвечает только в комфортных границах.",,none,120,,,base_tasks,approved,1,0,0,0,normal,,,,,generated seed
task_l1_005,1,task,light,,"Сделайте паузу на объятия и договоритесь, что сегодня точно не используете.",,none,120,,,base_tasks,approved,1,0,0,0,normal,,,,,generated seed
task_l1_006,1,task,light,,"Один партнер закрывает глаза на минуту, второй создает спокойную атмосферу голосом и прикосновениями.",,none,120,,,base_tasks,approved,1,0,0,0,normal,,,,,generated seed
task_l1_007,1,task,light,,Выберите одно место для мягкого массажа и держите темп спокойным до конца таймера.,,optional,120,,,base_tasks,approved,1,0,0,0,normal,,,,,generated seed
task_l1_008,1,task,light,,"Партнер говорит три фразы, которые помогают расслабиться, затем передает ход.",,none,120,,,base_tasks,approved,1,0,0,0,normal,,,,,generated seed
task_l1_009,1,task,light,,Сделайте мини-сцену с запретом спешить: каждое действие начинается только после короткого взгляда.,,none,120,,,base_tasks,approved,1,0,0,0,normal,,,,,generated seed
task_l1_010,1,task,light,,"Выберите общий сигнал паузы, отличный от стоп-слова, и проверьте, что оба его помнят.",,none,120,,,base_tasks,approved,1,0,0,0,normal,,,,,generated seed
task_l1_011,1,task,light,,"Один партнер называет границу, второй повторяет ее и подтверждает уважение к ней.",,none,120,,,base_tasks,approved,1,0,0,0,normal,,,,,generated seed
task_l1_012,1,task,light,,Составьте маленький список из трех настроений для вечера и выберите одно.,,none,120,,,base_tasks,approved,1,0,0,0,normal,,,,,generated seed
task_l1_013,1,task,light,,"Сделайте пять медленных поцелуев или объятий, между ними оставляя короткую паузу.",,none,120,,,base_tasks,approved,1,0,0,0,normal,,,,,generated seed
task_l1_014,1,task,light,,"Партнер выбирает музыку или тишину, второй соглашается или предлагает мягкую замену.",,none,120,,,base_tasks,approved,1,0,0,0,normal,,,,,generated seed
task_l1_015,1,task,light,,Устройте минуту комплиментов без шуток и без давления.,,none,120,,,base_tasks,approved,1,0,0,0,normal,,,,,generated seed
task_l1_016,1,task,light,,"Один партнер просит разрешение на следующий нежный жест, второй отвечает да, позже или пауза.",,none,120,,,base_tasks,approved,1,0,0,0,normal,,,,,generated seed
task_l1_017,1,task,light,,Выберите комфортную дистанцию и постепенно сокращайте ее только по взаимному согласию.,,none,120,,,base_tasks,approved,1,0,0,0,normal,,,,,generated seed
task_l1_018,1,task,light,,"По очереди ответьте на три вопроса: что сейчас нравится, чего пока не хочется и что можно немного усилить. Второй партнер не спорит и кратко повторяет услышанное.",,none,120,,,base_tasks,approved,1,0,0,0,normal,,,,,generated seed
task_l1_019,1,task,light,,Партнер задает правило: говорить медленнее или двигаться медленнее до конца хода.,,none,120,,,base_tasks,approved,1,0,0,0,normal,,,,,generated seed
task_l1_020,1,task,light,,"Сделайте ритуал начала: вода рядом, стоп-слово подтверждено, лишние уведомления выключены.",,none,120,,,base_tasks,approved,1,0,0,0,normal,,,,,generated seed
task_l1_021,1,task,light,,"Один партнер выбирает свет, второй выбирает музыку или тишину.",,optional,120,,,base_tasks,approved,1,0,0,0,normal,,,,,generated seed
task_l1_022,1,task,light,,Скажите друг другу по одному желанию в неграфичной форме.,,none,120,,,base_tasks,approved,1,0,0,0,normal,,,,,generated seed
task_l1_023,1,task,light,,"Сделайте двухминутный массаж плеч, рук или спины без перехода к более интенсивной сцене.",,none,120,,,base_tasks,approved,1,0,0,0,normal,,,,,generated seed
task_l1_024,1,task,light,,Завершите ход фразой: что было приятно и что хочется оставить на потом.,,none,120,,,base_tasks,approved,1,0,0,0,normal,,,,,generated seed
task_l2_001,2,task,light,,"Один партнер задает темп и паузы на три минуты, второй может остановить или замедлить в любой момент.",,none,180,,,base_tasks,approved,1,0,0,0,normal,,,,,generated seed
task_l2_002,2,task,light,,"Используйте реквизит, который указал бот. Сначала один партнер читает инструкцию к нему, второй подтверждает способ и место использования. При слове «пауза» реквизит сразу убирают.",,required,180,,,base_tasks,approved,1,0,0,0,normal,,,,,generated seed
task_l2_003,2,task,light,,"Партнер выбирает запрет на одно действие до конца таймера: не спешить, не отвлекаться или не говорить лишнего.",,none,180,,,base_tasks,approved,1,0,0,0,normal,,,,,generated seed
task_l2_004,2,task,light,,Сделайте сцену ожидания: следующий шаг происходит только после просьбы и явного разрешения.,,none,180,,,base_tasks,approved,1,0,0,0,normal,,,,,generated seed
task_l2_005,2,task,light,,"Один партнер по очереди предлагает три действия: потянуться, расслабить плечи и сделать медленный выдох. Второй выполняет только удобные действия и отвечает «да», «изменить» или «пауза».",,none,180,,,base_tasks,approved,1,0,0,0,normal,,,,,generated seed
task_l2_006,2,task,light,,"Выберите один вариант: сесть рядом, лечь на бок или встать лицом друг к другу. Перейдите в выбранное положение медленно и сразу смените его при неудобстве.",,none,180,,,base_tasks,approved,1,0,0,0,normal,,,,,generated seed
task_l2_007,2,task,light,,"До начала выберите три допустимые команды из списка «ближе», «медленнее», «замри» и «пауза». Ведущий произносит их по одной; любую команду можно отменить словом «пауза».",,none,180,,,base_tasks,approved,1,0,0,0,normal,,,,,generated seed
task_l2_008,2,task,light,,"Один партнер надевает указанную ботом повязку так, чтобы снять ее одним движением. Второй заранее называет прикосновение и ждет ответа «да» перед каждым действием.",blindfold,required,180,,,base_tasks,approved,1,0,0,0,normal,,,,,generated seed
task_l2_009,2,task,light,,"Один партнер выбирает длительность из 60, 90 или 180 секунд. Второй выбирает легкую или среднюю интенсивность; более интенсивный вариант в этом ходу не используется.",,none,180,,,base_tasks,approved,1,0,0,0,normal,,,,,generated seed
task_l2_010,2,task,light,,"Перед каждым новым действием спросите «можно продолжить?». Второй партнер отвечает «да», «изменить», «пауза» или «стоп»; без ответа действие не начинается.",,none,180,,,base_tasks,approved,1,0,0,0,normal,,,,,generated seed
task_l2_011,2,task,light,,Партнер получает право один раз поставить паузу на 30 секунд без объяснений.,,none,180,,,base_tasks,approved,1,0,0,0,normal,,,,,generated seed
task_l2_012,2,task,light,,"Используйте указанное ботом масло для двухминутного массажа плеч, рук или спины. Принимающий партнер выбирает участок и силу прикосновений.",oil,required,180,,,base_tasks,approved,1,0,0,0,normal,,,,,generated seed
task_l2_013,2,task,light,,"Выберите ведущего на время таймера. Ведущий задает только темп и паузы, а второй заранее выбирает одно ограничение: не ускоряться, не менять позу или чаще спрашивать о комфорте.",,none,180,,,base_tasks,approved,1,0,0,0,normal,,,,,generated seed
task_l2_014,2,task,light,,Проговорите три стоп-темы на сегодня и занесите их в настройки границ.,,none,180,,,base_tasks,approved,1,0,0,0,normal,,,,,generated seed
task_l2_015,2,task,light,,"Перед каждым согласием или отказом делайте паузу в пять секунд. После паузы отвечайте только «да», «изменить», «позже» или «стоп».",,none,180,,,base_tasks,approved,1,0,0,0,normal,,,,,generated seed
task_l2_016,2,task,light,,"Выберите один сенсорный элемент: прохладный предмет через ткань, теплое полотенце, мягкую ткань или музыку. Второй партнер выбирает место и длительность не более минуты.",,optional,180,,,base_tasks,approved,1,0,0,0,normal,,,,,generated seed
task_l2_017,2,task,light,,"Один партнер голосом предлагает сменить положение рук, дистанцию или темп. Второй выполняет только после ответа «да» и каждые 30 секунд подтверждает комфорт.",,none,180,,,base_tasks,approved,1,0,0,0,normal,,,,,generated seed
task_l2_018,2,task,light,,Один партнер просит выбрать между двумя мягкими вариантами продолжения.,,none,180,,,base_tasks,approved,1,0,0,0,normal,,,,,generated seed
task_l2_019,2,task,light,,"На первую минуту выберите ведущего и принимающего. После сигнала поменяйтесь ролями еще на минуту, сохранив те же действия и интенсивность.",,none,180,,,base_tasks,approved,1,0,0,0,normal,,,,,generated seed
task_l2_020,2,task,light,,"До начала согласуйте четыре жеста: «да», «медленнее», «пауза» и «стоп». В течение таймера не говорите; после любого неясного жеста полностью остановитесь.",,none,180,,,base_tasks,approved,1,0,0,0,normal,,,,,generated seed
task_l2_021,2,task,light,,Один партнер спокойно считает вслух: «вдох — выдох». Второй дышит как обычно и может в любой момент попросить считать медленнее или остановиться. Не задерживайте дыхание и не касайтесь шеи или грудной клетки.,,none,180,,,base_tasks,approved,1,0,0,0,normal,,,,,generated seed
task_l2_022,2,task,light,,Ведущий дважды полностью останавливается и спрашивает «темп и действие комфортны?». Продолжение возможно только после ясного «да» или согласованного изменения.,,none,180,,,base_tasks,approved,1,0,0,0,normal,,,,,generated seed
task_l2_023,2,task,light,,"Один партнер выбирает награду после хода: вода, объятие, пауза или комплимент.",,none,180,,,base_tasks,approved,1,0,0,0,normal,,,,,generated seed
task_l2_024,2,task,light,,"По очереди назовите по одному пункту: что оставить без изменений, что можно усилить и что нужно убрать из следующих ходов.",,none,180,,,base_tasks,approved,1,0,0,0,normal,,,,,generated seed
task_l3_light_001,3,task,light,,"Выберите ведущего на три минуты. Он задает только темп словами «быстрее», «медленнее» и «пауза»; второй партнер может изменить команду или остановить ход.",,none,180,,,base_tasks,approved,1,0,0,0,normal,,,,,generated seed
task_l3_light_002,3,task,light,,"Выберите ведущего на три минуты. Ведущий дважды говорит «пауза»; оба полностью останавливаются на десять секунд, после чего принимающий партнер говорит, можно ли продолжать.",,none,180,,,base_tasks,approved,1,0,0,0,normal,,,,,generated seed
task_l3_light_003,3,task,light,,"Выберите одну удобную позу до запуска таймера. Сохраняйте спокойный ритм, а каждые 30 секунд принимающий партнер подтверждает, что положение остается удобным.",,none,180,,,base_tasks,approved,1,0,0,0,normal,,,,,generated seed
task_l3_light_004,3,task,light,,"Принимающий партнер сам выбирает положение рук: вдоль тела, над головой или на плечах партнера. Второй может только предложить смену; физически удерживать руки нельзя.",,none,180,,,base_tasks,approved,1,0,0,0,normal,,,,,generated seed
task_l3_light_005,3,task,light,,"Первую половину таймера один партнер выбирает темп и действия. Затем оба отвечают, все ли комфортно, и меняются ролями до конца таймера.",,none,180,,,base_tasks,approved,1,0,0,0,normal,,,,,generated seed
task_l3_light_006,3,task,light,,"На одну минуту договоритесь не разговаривать. До начала выберите жесты «да», «медленнее», «пауза» и «стоп»; при неясном жесте полностью остановитесь.",,none,180,,,base_tasks,approved,1,0,0,0,normal,,,,,generated seed
task_l3_light_007,3,task,light,,"Используйте реквизит, который указал бот. Принимающий партнер выбирает место и длительность, второй следует инструкции к реквизиту и сразу убирает его по слову «пауза».",,required,180,,,base_tasks,approved,1,0,0,0,normal,,,,,generated seed
task_l3_light_008,3,task,light,,"Ведущий дважды говорит «пауза». Оба полностью останавливаются на десять секунд, после чего принимающий партнер выбирает: продолжить в том же темпе, замедлиться или закончить.",,none,180,,,base_tasks,approved,1,0,0,0,normal,,,,,generated seed
task_l3_light_009,3,task,light,,Принимающий партнер выбирает один из двух вариантов: удобная поза лицом к лицу или двухминутный массаж. После выбора второй партнер спрашивает о месте и темпе.,,optional,180,,,base_tasks,approved,1,0,0,0,normal,,,,,generated seed
task_l3_light_010,3,task,light,,"Перед каждым новым действием ведущий спрашивает «можно продолжить?». Второй отвечает «да», «медленнее», «пауза» или «стоп»; без ответа действие не начинается.",,none,180,,,base_tasks,approved,1,0,0,0,normal,,,,,generated seed
task_l3_light_011,3,task,light,,"Ведущий использует только три команды: «быстрее», «медленнее» и «замри». Команда «замри» длится не более десяти секунд и прекращается по слову «пауза».",,none,180,,,base_tasks,approved,1,0,0,0,normal,,,,,generated seed
task_l3_light_012,3,task,light,,"Выберите одно место: кровать, устойчивый стул или свободный участок пола. Проверьте устойчивость и перейдите туда без резких движений; при неудобстве вернитесь обратно.",,none,180,,,base_tasks,approved,1,0,0,0,normal,,,,,generated seed
task_l3_light_013,3,task,light,,"Сначала назовите желаемый темп и одну границу. Затем выполните согласованное действие до сигнала таймера. В конце каждый говорит, что было комфортно и что изменить.",,none,180,,,base_tasks,approved,1,0,0,0,normal,,,,,generated seed
task_l3_light_014,3,task,light,,"Один партнер выбирает музыку или тишину, второй выбирает длительность 60, 90 или 180 секунд. Любой из вариантов можно один раз изменить во время хода.",,optional,180,,,base_tasks,approved,1,0,0,0,normal,,,,,generated seed
task_l3_light_015,3,task,light,,"До запуска таймера выберите одно правило: не ускоряться, не менять позу или спрашивать перед каждым новым действием. Правило действует до конца хода или слова «пауза».",,none,180,,,base_tasks,approved,1,0,0,0,normal,,,,,generated seed
task_l3_light_016,3,task,light,,После сигнала таймера полностью остановитесь. Каждый заканчивает фразу «Я хочу повторить…» и при необходимости добавляет «В следующий раз изменить…».,,none,180,,,base_tasks,approved,1,0,0,0,normal,,,,,generated seed
task_l3_medium_001,3,task,medium,,"До запуска таймера выберите ведущего. Каждые 30 секунд он говорит «пауза», оба останавливаются на пять секунд, и принимающий отвечает «продолжить», «медленнее» или «стоп».",,none,180,,,base_tasks,approved,1,0,0,0,sensitive,,,,,generated seed
task_l3_medium_002,3,task,medium,,"До начала составьте список из трех допустимых команд. Принимающий партнер не предлагает следующий шаг и выполняет только команды из списка; «изменить», «пауза» и «стоп» доступны всегда.",,none,180,,,base_tasks,approved,1,0,0,0,sensitive,,,,,generated seed
task_l3_medium_003,3,task,medium,,Любое ускорение начинается только после вопроса «можно быстрее?» и ясного ответа «да». Без ответа или при сомнении сохраняйте прежний темп.,,none,180,,,base_tasks,approved,1,0,0,0,sensitive,,,,,generated seed
task_l3_medium_004,3,task,medium,,"Принимающий партнер выбирает одно положение рук на 30 секунд: вдоль тела, над головой или за спиной. Он удерживает положение сам, без связывания; при дискомфорте сразу меняет его.",,none,180,,,base_tasks,approved,1,0,0,0,sensitive,,,,,generated seed
task_l3_medium_005,3,task,medium,,"Ведущий выбирает три правила из списка: не спешить, ждать разрешения, не менять позу и говорить только короткими фразами. В середине таймера оба полностью останавливаются и проверяют комфорт.",,none,180,,,base_tasks,approved,1,0,0,0,sensitive,,,,,generated seed
task_l3_medium_006,3,task,medium,,"Один партнер надевает указанную ботом повязку, которую можно снять одним движением. Второй называет каждое следующее действие и ждет ответа «да»; через минуту повязку снимают.",blindfold,required,180,,,base_tasks,approved,1,0,0,0,sensitive,,,,,generated seed
task_l3_medium_007,3,task,medium,,"Ведущий останавливается перед каждым следующим действием и просит разрешение. Принимающий отвечает только «да», «изменить», «пауза» или «стоп».",,none,180,,,base_tasks,approved,1,0,0,0,sensitive,,,,,generated seed
task_l3_medium_008,3,task,medium,,"Повторяйте цикл до сигнала таймера: 20 секунд медленного темпа, 10 секунд полной паузы, затем снова 20 секунд медленного темпа. Принимающий может изменить цикл.",,none,180,,,base_tasks,approved,1,0,0,0,sensitive,,,,,generated seed
task_l3_medium_009,3,task,medium,,До начала выберите одно правило хода. Принимающий партнер может один раз сказать «замена» и назвать новое правило; ведущий принимает замену без вопросов.,,none,180,,,base_tasks,approved,1,0,0,0,sensitive,,,,,generated seed
task_l3_medium_010,3,task,medium,,"Назовите роли и фразу начала. Выполняйте только одно заранее согласованное действие до сигнала таймера, затем скажите фразу завершения и обратитесь друг к другу обычными именами.",,none,180,,,base_tasks,approved,1,0,0,0,sensitive,,,,,generated seed
task_l3_medium_011,3,task,medium,,"До конца таймера принимающий отвечает только «да», «медленнее», «изменить», «пауза» или «стоп». Ведущий не продолжает действие без одного из этих ответов.",,none,180,,,base_tasks,approved,1,0,0,0,sensitive,,,,,generated seed
task_l3_medium_012,3,task,medium,,Перед сменой позы полностью остановитесь и спросите: «Текущее положение комфортно и можно менять?». Новая поза начинается только после ясного «да».,,none,180,,,base_tasks,approved,1,0,0,0,sensitive,,,,,generated seed
task_l3_medium_013,3,task,medium,,"Используйте реквизит, который указал бот. Принимающий партнер выбирает способ применения и максимальную длительность; второй следует инструкции и сразу убирает реквизит по слову «пауза».",,required,180,,,base_tasks,approved,1,0,0,0,sensitive,,,,,generated seed
task_l3_medium_014,3,task,medium,,"Принимающий партнер выбирает удобную позу и сохраняет ее 30 секунд. Ведущий считает время вслух и останавливает задание при дрожи, боли или просьбе сменить положение.",,none,180,,,base_tasks,approved,1,0,0,0,sensitive,,,,,generated seed
task_l3_medium_015,3,task,medium,,"До начала выберите три действия из согласованного списка. Ведущий называет их по одному; после каждого принимающий отвечает «повторить», «следующее», «изменить» или «стоп».",,optional,180,,,base_tasks,approved,1,0,0,0,sensitive,,,,,generated seed
task_l3_medium_016,3,task,medium,,После таймера каждый называет одну границу для следующих карточек. Сразу откройте «Границы на сегодня» и отметьте соответствующие темы.,,none,180,,,base_tasks,approved,1,0,0,0,sensitive,,,,,generated seed
task_l3_hard_001,3,task,hard,,"До запуска таймера оба повторяют стоп-слово. Затем ведущий на три минуты управляет темпом командами «медленнее», «быстрее» и «пауза», не добавляя новых действий без согласования.",,none,180,,,base_tasks,needs_review,0,1,1,1,hard,,,,,generated seed
task_l3_hard_002,3,task,hard,,"До запуска таймера выберите ведущего и три разрешенных действия. Принимающий не предлагает следующий шаг, но отвечает «выполняю», «изменить», «пауза» или «стоп» после каждой команды.",,none,180,,,base_tasks,needs_review,0,1,1,1,hard,,,,,generated seed
task_l3_hard_003,3,task,hard,,"Перед каждым продолжением ведущий задает закрытый вопрос с конкретным действием. Принимающий отвечает только «да», «изменить», «пауза» или «стоп»; молчание означает остановку.",,none,180,,,base_tasks,needs_review,0,1,1,1,hard,,,,,generated seed
task_l3_hard_004,3,task,hard,,"На три минуты действуют правила: принимающий не предлагает следующий шаг, отвечает коротко и после каждой команды ждет пять секунд. «Пауза» и стоп-слово действуют без объяснений.",,none,180,,,base_tasks,needs_review,0,1,1,1,hard,,,,,generated seed
task_l3_hard_005,3,task,hard,,"Принимающий сам выбирает удобную позу и удерживает ее не дольше 30 секунд. После отсчета он решает: повторить отрезок, сменить положение или закончить; фиксация не используется.",,none,180,,,base_tasks,needs_review,0,1,1,1,hard,,,,,generated seed
task_l3_hard_006,3,task,hard,,До начала принимающий задает минимальный и максимальный темп. Ведущий может менять скорость только внутри этого диапазона и спрашивает разрешение перед каждым ускорением.,,none,180,,,base_tasks,needs_review,0,1,1,1,hard,,,,,generated seed
task_l3_hard_007,3,task,hard,,"Назовите роли, одну разрешенную тему и одну запрещенную. В середине таймера полностью остановитесь и проверьте состояние; в конце выйдите из ролей, принесите воду и обсудите ощущения.",,none,180,,,base_tasks,needs_review,0,1,1,1,hard,,,,,generated seed
task_l3_hard_008,3,task,hard,,"До начала составьте последовательность из трех разрешенных действий. Ведущий выбирает их порядок, а принимающий после каждого отвечает «дальше», «повторить», «изменить» или «стоп».",,none,180,,,base_tasks,needs_review,0,1,1,1,hard,,,,,generated seed
task_l3_hard_009,3,task,hard,,"Принимающий не предлагает следующий шаг до сигнала таймера. Ведущий использует только заранее согласованные команды; слова «изменить», «пауза» и «стоп» действуют без объяснений.",,none,180,,,base_tasks,needs_review,0,1,1,1,hard,,,,,generated seed
task_l3_hard_010,3,task,hard,,Запишите или произнесите вслух список из трех допустимых команд. До конца таймера ведущий использует только их и не добавляет новые действия.,,none,180,,,base_tasks,needs_review,0,1,1,1,hard,,,,,generated seed
task_l3_hard_011,3,task,hard,,"Перед каждым разрешением ведущий выдерживает паузу от пяти до десяти секунд. Принимающий может в любой момент ответить «сейчас», «позже», «изменить» или «стоп».",,none,180,,,base_tasks,needs_review,0,1,1,1,hard,,,,,generated seed
task_l3_hard_012,3,task,hard,,"Ведущий медленно считает от десяти до одного, делая паузы и сохраняя зрительный контакт. Принимающий остается в удобной позе и в любой момент может сказать «медленнее», «пауза» или «стоп».",,none,180,,,base_tasks,needs_review,0,1,1,1,hard,,,,,generated seed
task_l3_hard_013,3,task,hard,,"Ведущий дважды полностью останавливает действие и спрашивает «темп, действие и роль комфортны?». Сцена заканчивается словами «роль завершена» и обращением по обычным именам.",,none,180,,,base_tasks,needs_review,0,1,1,1,hard,,,,,generated seed
task_l3_hard_014,3,task,hard,,"Один партнер выбирает строгую роль и три допустимые команды. Второй называет одну границу, которую нельзя пересекать; при приближении к ней сцена сразу меняется или заканчивается.",,none,180,,,base_tasks,needs_review,0,1,1,1,hard,,,,,generated seed
task_l3_hard_015,3,task,hard,,До начала назовите два безопасных варианта продолжения. В каждом следующем шаге принимающий выбирает только между ними или говорит «ни один»; третий вариант не добавляется.,,none,180,,,base_tasks,needs_review,0,1,1,1,hard,,,,,generated seed
task_l3_hard_016,3,task,hard,,"После сигнала таймера полностью остановитесь, принесите воду и устройтесь удобно. Каждый отвечает: что было хорошо, что изменить и что не повторять.",,none,180,,,base_tasks,needs_review,0,1,1,1,hard,,,,,generated seed
task_l4_light_001,4,task,light,,"Выберите ведущего и принимающего. Начните фразой «роль началась», две минуты выполняйте только заранее согласованные мягкие просьбы и закончите фразой «роль закончена».",,none,180,,,base_tasks,needs_review,0,1,1,1,hard,,,,,generated seed
task_l4_light_002,4,task,light,,"Перед каждым следующим действием принимающий спрашивает разрешение и называет действие. Второй отвечает «да», «изменить», «позже» или «стоп»; отказ принимается без обсуждения.",,none,180,,,base_tasks,needs_review,0,1,1,1,hard,,,,,generated seed
task_l4_light_003,4,task,light,,"Один партнер надевает указанную ботом повязку, которую можно снять одним движением. До начала выберите три допустимых прикосновения; каждое начинается после отдельного «да».",blindfold,required,180,,,base_tasks,needs_review,0,1,1,1,hard,,,,,generated seed
task_l4_light_004,4,task,light,,До запуска таймера выберите одно обращение для ведущего и одно для принимающего. Используйте их только внутри роли; после сигнала вернитесь к обычным именам.,,none,180,,,base_tasks,needs_review,0,1,1,1,hard,,,,,generated seed
task_l4_light_005,4,task,light,,"Принимающий выбирает одну просьбу: принести воду, сделать массаж или принять удобную позу. Второй выполняет только эту просьбу, после чего оба выходят из роли.",,optional,180,,,base_tasks,needs_review,0,1,1,1,hard,,,,,generated seed
task_l4_light_006,4,task,light,,Перед каждой сменой действия ведущий полностью останавливается и спрашивает «можно перейти к следующему?». Продолжение возможно только после ясного «да».,,none,180,,,base_tasks,needs_review,0,1,1,1,hard,,,,,generated seed
task_l4_light_007,4,task,light,,"До начала назовите три разрешенные команды и одну тему, которую нельзя затрагивать. Ведущий использует только этот список до конца таймера.",,none,180,,,base_tasks,needs_review,0,1,1,1,hard,,,,,generated seed
task_l4_light_008,4,task,light,,"Положите воду рядом, повторите стоп-слово, назовите одну границу и только затем запускайте таймер. Если любой пункт не подтвержден, выберите другую карточку.",,none,180,,,base_tasks,needs_review,0,1,1,1,hard,,,,,generated seed
task_l4_light_009,4,task,light,,"Ведущий управляет только темпом командами «быстрее», «медленнее» и «пауза». Он не меняет позу партнера и не применяет физическое давление.",,none,180,,,base_tasks,needs_review,0,1,1,1,hard,,,,,generated seed
task_l4_light_010,4,task,light,,"Принимающий выбирает заметный жест рукой для замедления. Проверьте жест до старта; после него ведущий сразу снижает темп и спрашивает, можно ли продолжать.",,none,180,,,base_tasks,needs_review,0,1,1,1,hard,,,,,generated seed
task_l4_light_011,4,task,light,,Ведущий просит смотреть в глаза или отвести взгляд. Каждые 30 секунд он говорит «пауза» и спрашивает о комфорте; принимающий может свободно двигаться и менять положение.,,none,180,,,base_tasks,needs_review,0,1,1,1,hard,,,,,generated seed
task_l4_light_012,4,task,light,,До начала выберите фразу завершения роли. Любой партнер может произнести ее в любой момент; после фразы оба полностью останавливаются без объяснений.,,none,180,,,base_tasks,needs_review,0,1,1,1,hard,,,,,generated seed
task_l4_light_013,4,task,light,,"Ведущий медленно считает от десяти до одного, делая паузу после каждого числа. После отсчета оба выходят из роли и отвечают, что было комфортно и что изменить.",,none,180,,,base_tasks,needs_review,0,1,1,1,hard,,,,,generated seed
task_l4_light_014,4,task,light,,"Используйте реквизит, который указал бот. Сначала прочитайте инструкцию, затем принимающий выбирает способ и длительность; по слову «пауза» реквизит сразу убирают.",,required,180,,,base_tasks,needs_review,0,1,1,1,hard,,,,,generated seed
task_l4_light_015,4,task,light,,"До начала принимающий выбирает способ спокойного завершения: вода и объятие, тишина и плед или короткое обсуждение. После таймера выполните выбранный вариант.",,none,180,,,base_tasks,needs_review,0,1,1,1,hard,,,,,generated seed
task_l4_light_016,4,task,light,,"После сигнала таймера скажите «роль завершена», уберите реквизит и обратитесь друг к другу обычными именами. Затем каждый одним предложением описывает свое состояние.",,none,180,,,base_tasks,needs_review,0,1,1,1,hard,,,,,generated seed
task_l4_medium_001,4,task,medium,,"На пять минут действуют правила: перед каждым новым действием нужен ответ «да», через половину времени оба полностью останавливаются, а продолжение начинается только после повторного согласия.",,none,180,,,base_tasks,needs_review,0,1,1,1,hard,,,,,generated seed
task_l4_medium_002,4,task,medium,,"Ведущий выбирает три правила из заранее согласованного списка. Он вводит их по одному; принимающий может отменить любое правило словами «изменить», «пауза» или «стоп».",,none,180,,,base_tasks,needs_review,0,1,1,1,hard,,,,,generated seed
task_l4_medium_003,4,task,medium,,"Принимающий остается в выбранной удобной позе, пока ведущий считает 30 секунд. После отсчета ведущий спрашивает «продолжить?», и только явное «да» запускает следующий отрезок.",,none,180,,,base_tasks,needs_review,0,1,1,1,hard,,,,,generated seed
task_l4_medium_004,4,task,medium,,"До начала выберите четыре ответа принимающего: «да», «медленнее», «изменить» и «стоп». Другие слова не требуются; при молчании ведущий полностью останавливается.",,none,180,,,base_tasks,needs_review,0,1,1,1,hard,,,,,generated seed
task_l4_medium_005,4,task,medium,,"До запуска таймера принимающий называет одну границу и максимальный темп. Ведущий управляет только очередностью и темпом, не выходя за эти условия.",,none,180,,,base_tasks,needs_review,0,1,1,1,hard,,,,,generated seed
task_l4_medium_006,4,task,medium,,Используйте повязку или наушники не дольше одной минуты. Реквизит должен сниматься одним движением; каждые 20 секунд ведущий проверяет состояние голосом.,,none,180,,,base_tasks,needs_review,0,1,1,1,hard,,,,,generated seed
task_l4_medium_007,4,task,medium,,"Принимающий выбирает максимальную длительность отрезка: 20, 30 или 45 секунд. Ведущий меняет темп только между отрезками и каждый раз спрашивает разрешение.",,none,180,,,base_tasks,needs_review,0,1,1,1,hard,,,,,generated seed
task_l4_medium_008,4,task,medium,,"Ведущий выбирает одну заранее разрешенную просьбу: принести воду, сделать массаж или принять выбранную позу. После выполнения оба выходят из роли и две минуты обсуждают ощущения.",,optional,180,,,base_tasks,needs_review,0,1,1,1,hard,,,,,generated seed
task_l4_medium_009,4,task,medium,,"Каждый называет по одной запрещенной теме. Откройте «Границы на сегодня», отметьте обе темы и только после сохранения переходите к следующей карточке.",,none,180,,,base_tasks,needs_review,0,1,1,1,hard,,,,,generated seed
task_l4_medium_010,4,task,medium,,"Ведущий один раз говорит «замри». Принимающий сам сохраняет удобную позу не более десяти секунд; его не удерживают, а по слову «пауза» команда сразу отменяется.",,none,180,,,base_tasks,needs_review,0,1,1,1,hard,,,,,generated seed
task_l4_medium_011,4,task,medium,,"Принимающий перед каждым следующим движением спрашивает «можно?». Ведущий выдерживает паузу от трех до пяти секунд и отвечает «да», «изменить» или «пауза».",,none,180,,,base_tasks,needs_review,0,1,1,1,hard,,,,,generated seed
task_l4_medium_012,4,task,medium,,Принимающий может один раз сказать «замена» и предложить другой безопасный вариант команды. Ведущий принимает замену без объяснений и не возвращает отмененную команду.,,none,180,,,base_tasks,needs_review,0,1,1,1,hard,,,,,generated seed
task_l4_medium_013,4,task,medium,,До начала выберите три допустимые строгие фразы и список запрещенных слов. Ведущий использует только допустимые фразы; любое незапланированное слово прекращает роль.,,none,180,,,base_tasks,needs_review,0,1,1,1,hard,,,,,generated seed
task_l4_medium_014,4,task,medium,,"После сигнала таймера полностью остановитесь. Ведущий спрашивает: «Тело, эмоции и границы в порядке?». Принимающий отвечает по каждому пункту отдельно.",,none,180,,,base_tasks,needs_review,0,1,1,1,hard,,,,,generated seed
task_l4_medium_015,4,task,medium,,"До начала выберите жесты «да», «медленнее», «пауза» и «стоп». Во время таймера принимающий не говорит; при неясном жесте ведущий полностью останавливается.",,none,180,,,base_tasks,needs_review,0,1,1,1,hard,,,,,generated seed
task_l4_medium_016,4,task,medium,,"После сцены каждый называет одну тему, которую нужно убрать из будущих карточек. Сразу откройте настройки границ и сохраните оба ограничения.",,none,180,,,base_tasks,needs_review,0,1,1,1,hard,,,,,generated seed
task_l4_hard_001,4,task,hard,,"Выберите строгие роли и запишите три разрешенные команды. Повторите стоп-слово, запустите таймер на три минуты и используйте только эти команды. После сигнала выйдите из ролей и обсудите состояние.",,none,180,,,base_tasks,needs_review,0,1,1,1,hard,,,,,generated seed
task_l4_hard_002,4,task,hard,,"До запуска таймера выберите ведущего и принимающего и назовите три разрешенные команды. Ведущий дает по одной команде только из этого списка; принимающий отвечает «выполняю», «изменить», «пауза» или «стоп». В середине времени оба полностью останавливаются и подтверждают продолжение.",,none,180,,,base_tasks,needs_review,0,1,1,1,hard,,,,,generated seed
task_l4_hard_003,4,task,hard,,"До начала составьте список из трех решений, которые временно принимает ведущий: темп, пауза и очередность. Все остальные решения остаются у принимающего; «изменить», «пауза» и «стоп» доступны всегда.",,none,180,,,base_tasks,needs_review,0,1,1,1,hard,,,,,generated seed
task_l4_hard_004,4,task,hard,,"До начала назовите три допустимые команды. Ведущий дает их по одной, а принимающий после каждой отвечает «выполняю», «изменить», «пауза» или «стоп».",,none,180,,,base_tasks,needs_review,0,1,1,1,hard,,,,,generated seed
task_l4_hard_005,4,task,hard,,"Принимающий сохраняет удобную позу и перед каждым движением ждет слова «можно». Ведущий делает паузу не дольше десяти секунд; дыхание остается обычным, тело ничем не прижимают.",,none,180,,,base_tasks,needs_review,0,1,1,1,hard,,,,,generated seed
task_l4_hard_006,4,task,hard,,"Повторяйте цикл до сигнала таймера: 20 секунд выбранного темпа, 10 секунд полной паузы и вопрос о продолжении. После таймера скажите «роль завершена» и остановитесь.",,none,180,,,base_tasks,needs_review,0,1,1,1,hard,,,,,generated seed
task_l4_hard_007,4,task,hard,,"Принимающий заранее задает минимальный и максимальный темп и три допустимые команды. Ведущий полностью управляет очередностью внутри этого списка, но не добавляет новые действия.",,none,180,,,base_tasks,needs_review,0,1,1,1,hard,,,,,generated seed
task_l4_hard_008,4,task,hard,,"До начала выберите строгие роли, две стоп-темы и способ спокойного завершения: вода, тепло и разговор либо тишина и отдых. После таймера выполните выбранный вариант.",,none,180,,,base_tasks,needs_review,0,1,1,1,hard,,,,,generated seed
task_l4_hard_009,4,task,hard,,"Ведущий говорит строгим голосом и медленно считает от десяти до одного. Принимающий остается в выбранной роли, но может в любой момент сказать «пауза» или стоп-слово; после отсчета сцена заканчивается.",,none,180,,,base_tasks,needs_review,0,1,1,1,hard,,,,,generated seed
task_l4_hard_010,4,task,hard,,"Ведущий может в любой момент сказать «назад к паузе». Оба полностью останавливаются на десять секунд, после чего принимающий выбирает: продолжить, изменить действие или закончить.",,none,180,,,base_tasks,needs_review,0,1,1,1,hard,,,,,generated seed
task_l4_hard_011,4,task,hard,,"До начала выберите одно правило и максимальную длительность его действия. Принимающий соблюдает правило до сигнала таймера, слова «изменить», «пауза» или стоп-слова.",,none,180,,,base_tasks,needs_review,0,1,1,1,hard,,,,,generated seed
task_l4_hard_012,4,task,hard,,"На время таймера принимающий использует только слова «да», «медленнее», «пауза» и «стоп». Через 90 секунд ведущий полностью останавливается и спрашивает, можно ли продолжать.",,none,180,,,base_tasks,needs_review,0,1,1,1,hard,,,,,generated seed
task_l4_hard_013,4,task,hard,,"До старта выберите фразу выхода из роли. После стоп-слова оба полностью останавливаются, произносят эту фразу, убирают реквизит и обращаются друг к другу обычными именами.",,none,180,,,base_tasks,needs_review,0,1,1,1,hard,,,,,generated seed
task_l4_hard_014,4,task,hard,,До начала составьте порядок из трех разрешенных действий. Ведущий следует только этому порядку; новое действие можно добавить лишь после остановки таймера и отдельного согласия.,,none,180,,,base_tasks,needs_review,0,1,1,1,hard,,,,,generated seed
task_l4_hard_015,4,task,hard,,"После сигнала таймера полностью остановитесь, уберите реквизит, принесите воду и плед. Каждый отвечает: что было комфортно, что изменить и чего сейчас хочется.",,none,180,,,base_tasks,needs_review,0,1,1,1,hard,,,,,generated seed
task_l4_hard_016,4,task,hard,,"После сцены каждый выбирает оценку карточки: оставить без изменений, отредактировать или архивировать. Администратор сразу выполняет выбранное действие в каталоге карточек.",,none,180,,,base_tasks,needs_review,0,1,1,1,hard,,,,,generated seed
pose_ks_001,2,pose,light,Лотос,"Сидячая близкая поза с акцентом на объятия, взгляд и медленный темп.",,none,180,,,kamasutra_inspired_poses,approved,1,0,0,0,normal,seated,medium,bed,medium,kamasutra inspired non-graphic seed
pose_ks_002,2,pose,light,Ложки,Боковая расслабленная поза для мягкого контакта и длительного ритма без высокой нагрузки.,,none,180,,,kamasutra_inspired_poses,approved,1,0,0,0,normal,side,easy,bed,low,kamasutra inspired non-graphic seed
pose_ks_003,2,pose,light,Колыбель,"Один партнер лежит удобно, второй задает мягкий темп и поддерживает контакт руками.",,none,180,,,kamasutra_inspired_poses,approved,1,0,0,0,normal,reclined,easy,bed,low,kamasutra inspired non-graphic seed
pose_ks_004,2,pose,light,Лицом к лицу,"Близкая поза с фокусом на поцелуи, ритм и синхронность.",,none,180,,,kamasutra_inspired_poses,approved,1,0,0,0,normal,face_to_face,easy,bed,low,kamasutra inspired non-graphic seed
pose_ks_005,3,pose,light,Наездница,"Верхний партнер задает темп, нижний остается в принимающей и поддерживающей роли.",,none,180,,,kamasutra_inspired_poses,approved,1,0,0,0,normal,top,medium,bed,medium,kamasutra inspired non-graphic seed
pose_ks_006,3,pose,light,Обратная наездница,Вариант с другой ориентацией корпуса и большей свободой движения верхнего партнера.,,none,180,,,kamasutra_inspired_poses,approved,1,0,0,0,normal,top,medium,bed,medium,kamasutra inspired non-graphic seed
pose_ks_007,3,pose,light,Край кровати,"Поза у края кровати, где важно заранее проверить устойчивость и удобную высоту.",,none,180,,,kamasutra_inspired_poses,approved,1,0,0,0,normal,edge,medium,bed,medium,kamasutra inspired non-graphic seed
pose_ks_008,3,pose,light,Стул,Сидячая поза на устойчивом стуле с фокусом на близость и контроль темпа.,,none,180,,,kamasutra_inspired_poses,approved,1,0,0,0,normal,chair,medium,chair,medium,kamasutra inspired non-graphic seed
pose_ks_009,3,pose,medium,Опора на стену,"Вертикальная поза у стены, требующая силы, устойчивости и короткой длительности.",,none,180,,,kamasutra_inspired_poses,approved,1,0,0,0,sensitive,standing,hard,wall,high,kamasutra inspired non-graphic seed
pose_ks_010,3,pose,medium,Подушка под таз,Вариант с валиком или подушкой для изменения угла и снижения нагрузки.,,none,180,,,kamasutra_inspired_poses,approved,1,0,0,0,sensitive,support,easy,bed,low,kamasutra inspired non-graphic seed
pose_ks_011,3,pose,medium,Медленный контроль,"Один партнер задает правило пауз и темпа, второй заранее подтверждает комфорт.",,none,180,,,kamasutra_inspired_poses,approved,1,0,0,0,sensitive,control,medium,bed,medium,kamasutra inspired non-graphic seed
pose_ks_012,3,pose,medium,Руки над головой,Поза с символическим удержанием рук без жесткой фиксации и без давления на суставы.,,none,180,,,kamasutra_inspired_poses,approved,1,0,0,0,sensitive,hands,medium,bed,medium,kamasutra inspired non-graphic seed
pose_ks_013,3,pose,medium,На боку лицом друг к другу,"Боковая поза с тесным контактом, удобная для долгого спокойного ритма.",,none,180,,,kamasutra_inspired_poses,approved,1,0,0,0,sensitive,side,easy,bed,low,kamasutra inspired non-graphic seed
pose_ks_014,3,pose,medium,Смена темпа,Карточка задает чередование медленных и коротких интенсивных отрезков по таймеру.,,none,180,,,kamasutra_inspired_poses,approved,1,0,0,0,sensitive,tempo,medium,bed,medium,kamasutra inspired non-graphic seed
pose_ks_015,3,pose,hard,Строгий темп,Один партнер полностью управляет скоростью и паузами в пределах заранее согласованных границ.,,none,180,,,kamasutra_inspired_poses,needs_review,0,1,1,1,hard,control,medium,bed,medium,kamasutra inspired non-graphic seed
pose_ks_016,3,pose,hard,Запрет на движение,Принимающий партнер сохраняет неподвижность до окончания короткого таймера или стоп-слова.,,none,180,,,kamasutra_inspired_poses,needs_review,0,1,1,1,hard,stillness,medium,bed,medium,kamasutra inspired non-graphic seed
pose_ks_017,3,pose,hard,Без рук,"Один партнер держит руки за спиной или на выбранном месте, не используя их до завершения сцены.",,none,180,,,kamasutra_inspired_poses,needs_review,0,1,1,1,hard,hands,medium,bed,medium,kamasutra inspired non-graphic seed
pose_ks_018,3,pose,hard,Команды и паузы,"Партнер выполняет только короткие заранее согласованные команды, после сцены обязателен проверка состояния.",,none,180,,,kamasutra_inspired_poses,needs_review,0,1,1,1,hard,control,hard,any,medium,kamasutra inspired non-graphic seed
pose_ks_019,4,pose,light,Ритуал разрешения,Перед продолжением партнер просит разрешение на следующий шаг; отказ или пауза принимаются сразу.,,none,180,,,kamasutra_inspired_poses,needs_review,0,1,1,1,hard,protocol,medium,any,low,kamasutra inspired non-graphic seed
pose_ks_020,4,pose,light,Сенсорная повязка,"Неграфичная сенсорная сцена с повязкой, заранее выбранными прикосновениями и таймером.",,none,180,,,kamasutra_inspired_poses,needs_review,0,1,1,1,hard,sensory,easy,bed,low,kamasutra inspired non-graphic seed
pose_ks_021,4,pose,medium,Протокол тишины,На короткое время один партнер отвечает только жестами или заранее согласованными словами.,,none,180,,,kamasutra_inspired_poses,needs_review,0,1,1,1,hard,protocol,medium,any,low,kamasutra inspired non-graphic seed
pose_ks_022,4,pose,medium,Роль и правила,"Сцена строится вокруг трех заранее выбранных правил, которые можно остановить в любой момент.",,none,180,,,kamasutra_inspired_poses,needs_review,0,1,1,1,hard,role,medium,any,low,kamasutra inspired non-graphic seed
pose_ks_023,4,pose,hard,Строгая сцена контроля,"Доминант задает последовательность пауз и разрешений, обязательны проверка стоп-слова и спокойное завершение.",,none,180,,,kamasutra_inspired_poses,needs_review,0,1,1,1,hard,control,hard,any,medium,kamasutra inspired non-graphic seed
pose_ks_024,4,pose,hard,Испытание выдержки,"Короткая сцена на выдержку и ожидание без боли, травм и дыхательных ограничений.",,none,180,,,kamasutra_inspired_poses,needs_review,0,1,1,1,hard,endurance,hard,bed,medium,kamasutra inspired non-graphic seed
pose_ks_025,2,pose,light,Бабочка,"Вариант у края кровати с мягкой опорой и акцентом на устойчивость, подушку и комфортный угол.",,none,180,,,kamasutra_inspired_poses,approved,1,0,0,0,normal,edge,medium,bed,low,kamasutra inspired non-graphic seed
pose_ks_026,2,pose,light,Половина лотоса,Упрощенная сидячая поза для долгого контакта без высокой нагрузки на спину и бедра.,,none,180,,,kamasutra_inspired_poses,approved,1,0,0,0,normal,seated,easy,bed,low,kamasutra inspired non-graphic seed
pose_ks_027,3,pose,light,Переплетенные ноги,"Поза с близким контактом ног, где важны плавность, устойчивость и отсутствие давления на суставы.",,none,180,,,kamasutra_inspired_poses,approved,1,0,0,0,normal,side,medium,bed,medium,kamasutra inspired non-graphic seed
pose_ks_028,3,pose,light,Поворот на бок,Спокойный боковой вариант для смены угла и темпа без резких движений.,,none,180,,,kamasutra_inspired_poses,approved,1,0,0,0,normal,side,easy,bed,low,kamasutra inspired non-graphic seed
pose_ks_029,3,pose,medium,На коленях с опорой,"Поза с опорой руками или подушкой, рассчитанная на короткий таймер и контроль нагрузки.",,none,180,,,kamasutra_inspired_poses,approved,1,0,0,0,sensitive,support,medium,bed,medium,kamasutra inspired non-graphic seed
pose_ks_030,3,pose,medium,Ножницы,"Положение с боковым разворотом партнеров, где заранее проверяется комфорт бедер и поясницы.",,none,180,,,kamasutra_inspired_poses,approved,1,0,0,0,sensitive,side,medium,bed,medium,kamasutra inspired non-graphic seed
pose_ks_031,3,pose,medium,Высокая подушка,Поза с дополнительной подушкой для изменения угла и снижения напряжения в пояснице.,,none,180,,,kamasutra_inspired_poses,approved,1,0,0,0,sensitive,support,easy,bed,low,kamasutra inspired non-graphic seed
pose_ks_032,3,pose,hard,Медленная смена поз,За один короткий таймер партнеры меняют две заранее выбранные позы только по команде ведущего.,,none,180,,,kamasutra_inspired_poses,needs_review,0,1,1,1,hard,tempo,medium,bed,medium,kamasutra inspired non-graphic seed
pose_ks_033,4,pose,light,Команды взгляда,"Ведущий задает правила взгляда, пауз и разрешений без физического ограничения движений.",,none,180,,,kamasutra_inspired_poses,needs_review,0,1,1,1,hard,protocol,easy,any,low,kamasutra inspired non-graphic seed
pose_ks_034,4,pose,medium,Ожидание разрешения,"Сцена строится вокруг ожидания следующего разрешения, с ясной границей и коротким проверка состояния.",,none,180,,,kamasutra_inspired_poses,needs_review,0,1,1,1,hard,protocol,medium,bed,low,kamasutra inspired non-graphic seed
pose_ks_035,4,pose,hard,Контроль инициативы,"Один партнер полностью отдает инициативу в рамках заранее выбранных правил, после сцены обязателен спокойное завершение.",,none,180,,,kamasutra_inspired_poses,needs_review,0,1,1,1,hard,control,hard,bed,medium,kamasutra inspired non-graphic seed
pose_ks_036,4,pose,hard,Сцена трех правил,Перед стартом выбираются три правила сцены; любое правило отменяется стоп-словом или просьбой о паузе.,,none,180,,,kamasutra_inspired_poses,needs_review,0,1,1,1,hard,role,hard,any,medium,kamasutra inspired non-graphic seed
question_seed_001,1,question,light,,"Какое настроение вы хотите сохранить на ближайшие два хода: спокойное, игривое, романтичное или более смелое? Ответьте по очереди.",,none,,,,base_tasks,approved,1,0,0,0,normal,,,,,generated seed
question_seed_002,1,question,light,,"Какие три вида прикосновений сегодня точно приятны, а какой вид прикосновения лучше исключить? Ответьте по очереди.",,none,,,,base_tasks,approved,1,0,0,0,normal,,,,,generated seed
question_seed_003,1,question,light,,"По какому признаку партнер поймет, что нужно замедлиться, даже если стоп-слово еще не сказано?",,none,,,,base_tasks,approved,1,0,0,0,normal,,,,,generated seed
question_seed_004,1,question,light,,"Что сегодня важнее: больше слов, больше пауз, больше инициативы партнера или возможность чаще выбирать самому?",,none,,,,base_tasks,approved,1,0,0,0,normal,,,,,generated seed
question_seed_005,2,question,light,,"Какой темп вам сейчас комфортен: медленный, переменный или интенсивный короткими отрезками? Назовите также максимальную длительность.",,none,,,,base_tasks,approved,1,0,0,0,normal,,,,,generated seed
question_seed_006,2,question,light,,"Какое желание вы давно хотели предложить, но готовы выполнить только после отдельного согласия партнера?",,none,,,,base_tasks,approved,1,0,0,0,normal,,,,,generated seed
question_seed_007,2,question,light,,"Какие слова или обращения возбуждают, а какие звучат неприятно? Каждый называет хотя бы по одному примеру.",,none,,,,base_tasks,approved,1,0,0,0,normal,,,,,generated seed
question_seed_008,2,question,light,,"Какой реквизит из настроек вы хотите использовать сегодня, как именно и в какой момент его нужно сразу убрать?",,none,,,,base_tasks,approved,1,0,0,0,normal,,,,,generated seed
desire_seed_001,2,desire,light,,"Сохраните желание: в одном из следующих ходов выбрать музыку, освещение и темп. Перед использованием партнер подтверждает каждый из трех пунктов.",,none,,,,base_tasks,approved,1,0,0,0,normal,,,,,generated seed
penalty_seed_001,1,penalty,light,,Игровой штраф: скажите партнеру три конкретных комплимента без шуток и сравнений с другими людьми.,,none,60,,,base_tasks,approved,1,0,0,0,normal,,,,,generated seed
desire_seed_002,2,desire,light,,Сохраните желание: получить трехминутный массаж выбранного участка тела. Партнер заранее подтверждает место и силу прикосновений.,,none,,,,base_tasks,approved,1,0,0,0,normal,,,,,generated seed
penalty_seed_002,1,penalty,light,,"Игровой штраф: сделайте минутную паузу, принесите воду и спросите партнера, какой темп выбрать для следующего хода.",,none,60,,,base_tasks,approved,1,0,0,0,normal,,,,,generated seed
desire_seed_003,2,desire,light,,Сохраните желание: один раз заменить выпавшую позу на удобную вам. Новая поза начинается только после явного согласия партнера.,,none,,,,base_tasks,approved,1,0,0,0,normal,,,,,generated seed
penalty_seed_003,1,penalty,light,,Игровой штраф: выполните двухминутный массаж плеч или рук. Партнер выбирает участок и в любой момент может попросить остановиться.,,none,60,,,base_tasks,approved,1,0,0,0,normal,,,,,generated seed
desire_seed_004,2,desire,light,,"Сохраните желание: предложить один заранее названный сценарий на следующий ход. Партнер может принять, изменить или отклонить его без объяснений.",,none,,,,base_tasks,approved,1,0,0,0,normal,,,,,generated seed
penalty_seed_004,1,penalty,light,,"Игровой штраф: следующий ход партнер выбирает между двумя безопасными вариантами, а вы принимаете его выбор без спора.",,none,60,,,base_tasks,approved,1,0,0,0,normal,,,,,generated seed
